City_ID,City,Lat,Lng,Max Temp,Humidity,Cloudiness,Wind Speed,Country,Date
0,stanley,54.868,-1.6985,3.2,95,75,0.0,GB,1701047383
1,udachny,66.4167,112.4,-21.19,99,100,3.37,RU,1701047358
2,wailua homesteads,22.0669,-159.378,26.24,87,75,7.2,US,1701047541
3,georgetown,5.4112,100.3354,26.96,89,20,1.03,MY,1701047264
4,dudinka,69.4058,86.1778,-27.34,100,68,2.24,RU,1701047543
5,puerto natales,-51.7236,-72.4875,4.6,83,10,2.61,CL,1701047543
6,edinburgh of the seven seas,-37.0676,-12.3116,13.04,67,15,13.61,SH,1701047544
7,afaahiti,-17.75,-149.2833,27.93,84,100,9.9,PF,1701047544
8,grytviken,-54.2811,-36.5092,2.81,92,34,5.42,GS,1701047545
9,broken hill,-31.95,141.4333,28.22,28,78,5.94,AU,1701047546
10,nova sintra,14.8667,-24.7167,22.35,66,61,6.55,CV,1701047546
11,yemel'yanovo,56.1681,92.6767,-12.73,92,75,0.0,RU,1701047547
12,whitehorse,60.7161,-135.0538,4.5,98,100,11.62,CA,1701047397
13,blackmans bay,-43.0167,147.3167,13.62,70,25,0.89,AU,1701047548
14,tiksi,71.6872,128.8694,-23.27,100,99,2.88,RU,1701047548
15,palmer,42.1584,-72.3287,6.75,79,100,1.79,US,1701047548
16,sitka,57.0531,-135.33,8.94,81,100,7.72,US,1701047549
17,mitu,1.1983,-70.1733,25.86,75,100,0.93,CO,1701047271
18,sandnessjoen,66.0217,12.6316,-19.71,71,4,4.89,NO,1701047550
19,papatowai,-46.5619,169.4708,13.04,75,100,2.0,NZ,1701047550
20,ushuaia,-54.8,-68.3,2.33,93,89,1.62,AR,1701047402
21,st. john's,47.5649,-52.7093,1.2,83,100,0.45,CA,1701047272
22,prince rupert,54.3161,-130.3201,6.69,84,100,1.48,CA,1701047502
23,kandiari,26.9156,68.5216,17.18,48,0,3.47,PK,1701047551
24,bredasdorp,-34.5322,20.0403,15.48,82,47,1.14,ZA,1701047552
25,adamstown,-25.066,-130.1015,21.56,86,100,10.47,PN,1701047552
26,waitangi,-43.9535,-176.5597,16.01,97,88,8.8,NZ,1701047553
27,manakara,-22.1333,48.0167,22.08,96,29,1.13,MG,1701047553
28,tura,25.5198,90.2201,16.41,64,6,1.23,IN,1701047553
29,tazacorte,28.629,-17.9293,19.53,72,40,3.6,ES,1701047458
30,taybad,34.74,60.7756,12.71,62,0,7.25,IR,1701047554
31,afua,-0.1567,-50.3867,25.61,88,100,3.2,BR,1701047555
32,lihue,21.9789,-159.3672,26.58,82,75,7.2,US,1701047416
33,alice springs,-23.7,133.8833,27.75,42,0,1.03,AU,1701047556
34,ribeira grande,38.5167,-28.7,18.21,96,100,4.47,PT,1701047556
35,enewetak,11.3474,162.3373,28.04,80,16,9.9,MH,1701047425
36,siluko,6.5386,5.1609,23.28,98,100,1.17,NG,1701047556
37,lang suan,9.9456,99.0785,25.43,88,97,2.15,TH,1701047557
38,olonkinbyen,70.9221,-8.7187,1.24,85,99,8.0,SJ,1701047557
39,jamestown,42.097,-79.2353,3.34,85,100,4.63,US,1701047306
40,ivins,37.1686,-113.6794,7.86,43,0,1.34,US,1701047557
41,fale old settlement,-9.3852,-171.2468,29.86,75,71,7.27,TK,1701047558
42,karratha,-20.7377,116.8463,29.5,31,0,5.28,AU,1701047558
43,port-aux-francais,-49.35,70.2167,3.43,80,100,7.07,TF,1701047558
44,daloa,6.8774,-6.4502,22.6,97,99,1.13,CI,1701047559
45,edeia,-17.3383,-49.9314,22.14,90,98,3.79,BR,1701047559
46,west island,-12.1568,96.8225,26.99,74,75,5.66,CC,1701047560
47,new norfolk,-42.7826,147.0587,14.28,38,17,1.32,AU,1701047560
48,albany,42.6001,-73.9662,5.68,87,100,0.89,US,1701047470
49,vorgashor,67.5833,63.95,-20.51,100,76,1.55,RU,1701047560
50,anadyr,64.75,177.4833,1.28,100,75,16.99,RU,1701047384
51,saipan,15.1355,145.701,30.39,79,40,9.26,MP,1701047561
52,gargalianoi,37.0667,21.6333,6.31,57,87,6.72,GR,1701047561
53,bethel,41.3712,-73.414,9.81,84,100,5.14,US,1701047441
54,valparaiso,-33.0393,-71.6273,14.8,88,75,2.57,CL,1701047524
55,puerto ayora,-0.7393,-90.3518,24.75,92,25,3.13,EC,1701047562
56,bilibino,68.0546,166.4372,-12.8,91,11,2.76,RU,1701047562
57,akureyri,65.6835,-18.0878,0.71,83,94,1.63,IS,1701047563
58,nuuk,64.1835,-51.7216,-1.66,93,75,8.23,GL,1701047563
59,bardai,11.65,7.2333,21.7,78,100,2.39,NG,1701047563
60,manali,13.1667,80.2667,27.26,87,69,2.59,IN,1701047563
61,mbulu,-3.85,35.5333,15.59,96,100,2.72,TZ,1701047564
62,magalia,39.8121,-121.5783,9.86,49,0,0.89,US,1701047323
63,yellowknife,62.456,-114.3525,-18.88,99,85,1.42,CA,1701047564
64,vila franca do campo,37.7167,-25.4333,20.23,99,74,8.03,PT,1701047565
65,constantia,44.1833,28.65,-1.62,76,94,8.27,RO,1701047558
66,champoton,19.35,-90.7167,26.31,82,100,3.22,MX,1701047565
67,dadukou,26.5479,101.7054,12.59,77,2,0.38,CN,1701047412
68,isafjordur,66.0755,-23.124,3.83,90,99,4.52,IS,1701047565
69,atafu village,-8.5421,-172.5159,30.03,74,100,7.15,TK,1701047413
70,trairi,-3.2778,-39.2689,26.88,66,0,4.7,BR,1701047566
71,chibougamau,49.9168,-74.3659,-2.21,86,100,5.14,CA,1701047566
72,lompoc,34.6391,-120.4579,17.66,55,0,2.06,US,1701047566
73,iqaluit,63.7506,-68.5145,-15.03,95,99,1.38,CA,1701047356
74,codrington,-38.2667,141.9667,14.16,67,100,5.89,AU,1701047567
75,inarajan village,13.2736,144.7484,31.11,83,3,8.36,GU,1701047567
76,buka,40.8108,69.1986,11.5,32,100,0.29,UZ,1701047568
77,onega,63.9061,38.1404,-15.91,97,42,2.71,RU,1701047568
78,kasongo-lunda,-6.4667,16.8167,20.67,98,100,0.18,CD,1701047568
79,acarau,-2.8856,-40.12,26.99,69,0,7.0,BR,1701047439
80,aljezur,37.3191,-8.8033,14.41,77,89,1.41,PT,1701047568
81,isla vista,34.4133,-119.861,18.24,40,0,1.54,US,1701047569
82,cordeiro,-22.0286,-42.3608,18.14,94,86,1.02,BR,1701047569
83,aldinga beach,-35.2793,138.4604,22.09,51,0,6.05,AU,1701047569
84,keflavik,64.0049,-22.5624,5.24,100,100,6.69,IS,1701047569
85,kolonia town,6.964,158.206,31.06,74,75,7.2,FM,1701047570
86,talnakh,69.4865,88.3972,-23.96,98,46,2.73,RU,1701047570
87,chandbali,20.7833,86.7667,18.94,70,3,1.64,IN,1701047570
88,aykhal,66.0,111.5,-21.46,99,95,3.88,RU,1701047571
89,mount isa,-20.7333,139.5,30.87,48,100,4.12,AU,1701047571
90,qaqortoq,60.7167,-46.0333,-8.09,91,99,3.02,GL,1701047571
91,markovo,57.3206,107.0881,-17.62,94,100,1.93,RU,1701047572
92,beichengqu,40.4394,113.1536,-3.02,57,1,8.67,CN,1701047572
93,coronel suarez,-37.4547,-61.9334,21.79,41,10,5.47,AR,1701047572
94,hasaki,35.7333,140.8333,14.05,67,0,3.3,JP,1701047572
95,kutum,14.2,24.6667,21.74,26,89,2.85,SD,1701047573
96,phang nga,8.4509,98.5298,24.02,93,100,1.9,TH,1701047573
97,jeddah,21.5169,39.2192,27.92,74,0,0.0,SA,1701047402
98,garissa,-0.4536,39.6401,25.34,84,96,3.05,KE,1701047573
99,novyy urengoy,66.0833,76.6333,-14.6,97,90,3.42,RU,1701047574
100,egersund,58.4513,5.9997,3.38,79,100,11.52,NO,1701047574
101,kiama,-34.6833,150.8667,22.47,75,44,4.24,AU,1701047574
102,saint-philippe,-21.3585,55.7679,22.77,75,1,2.77,RE,1701047574
103,vila velha,-20.3297,-40.2925,21.64,97,100,1.96,BR,1701047419
104,thompson,55.7435,-97.8558,-17.91,78,100,3.09,CA,1701047575
105,nova vicosa,-17.8919,-39.3719,24.37,76,31,4.77,BR,1701047390
106,manokwari,-0.8667,134.0833,27.39,80,100,3.66,ID,1701047575
107,invercargill,-46.4,168.35,13.9,77,99,1.34,NZ,1701047576
108,ouesso,1.6136,16.0517,21.61,96,96,0.39,CG,1701047576
109,lazaro cardenas,17.9583,-102.2,26.75,71,100,2.67,MX,1701047576
110,longyearbyen,78.2186,15.6401,1.91,69,75,7.2,SJ,1701047577
111,bungo-takada-shi,33.5567,131.4451,15.58,69,18,1.3,JP,1701047577
112,nagqu,31.5,92.0,-11.03,51,100,1.52,CN,1701047577
113,freeport,40.6576,-73.5832,11.67,83,100,9.77,US,1701047577
114,sinabang,2.4803,96.3801,26.42,80,62,1.37,ID,1701047577
115,trevelin,-43.0858,-71.4639,12.13,85,100,1.6,AR,1701047578
116,fortuna,40.5982,-124.1573,11.1,69,0,0.0,US,1701047578
117,margaret river,-33.95,115.0667,21.0,72,100,3.76,AU,1701047579
118,gelemso,8.8167,40.5167,13.98,59,44,1.89,ET,1701047579
119,horsham,51.064,-0.3272,11.12,87,40,3.6,GB,1701047355
120,changyon,38.2508,125.0961,7.85,81,100,3.64,KP,1701047580
121,dhromolaxia,34.8755,33.5868,15.58,65,0,2.06,CY,1701047580
122,iskateley,67.6803,53.1512,-20.98,100,64,2.77,RU,1701047580
123,nemuro,43.3236,145.575,3.1,52,91,3.87,JP,1701047581
124,swift current,50.2834,-107.8014,-2.55,100,100,7.2,CA,1701047581
125,hawaiian paradise park,19.5933,-154.9731,25.73,84,100,2.57,US,1701047401
126,quellon,-43.1167,-73.6167,10.03,73,100,1.8,CL,1701047582
127,taulaga,-11.0553,-171.0883,29.26,78,89,8.37,AS,1701047582
128,airway heights,47.6446,-117.5933,-1.23,73,100,1.54,US,1701047582
129,hermanus,-34.4187,19.2345,16.69,81,28,0.09,ZA,1701047582
130,uvira,-3.4067,29.1458,22.46,90,100,1.68,CD,1701047583
131,holualoa,19.6228,-155.9522,25.91,80,75,5.66,US,1701047583
132,chonchi,-42.6128,-73.8092,10.62,85,100,0.65,CL,1701047584
133,alofi,-19.0595,-169.9187,25.9,86,16,7.04,NU,1701047584
134,smithers,54.7804,-127.1743,1.01,97,100,0.57,CA,1701047401
135,asubulaq,49.5583,83.0558,-5.1,80,42,2.24,KZ,1701047585
136,felixstowe,51.9637,1.3511,8.33,87,100,0.45,GB,1701047585
137,la serena,-29.9078,-71.2542,15.62,86,25,1.24,CL,1701047376
138,tawau,4.2498,117.8871,26.86,78,55,1.53,MY,1701047409
139,tiquipaya,-17.3382,-66.2189,18.87,48,76,1.34,BO,1701047586
140,avarua,-21.2078,-159.775,27.03,65,75,9.77,CK,1701047360
141,christchurch,-43.5333,172.6333,20.85,61,100,7.2,NZ,1701047569
142,franceville,-1.6333,13.5836,22.24,96,100,0.62,GA,1701047587
143,kuta,-8.7233,115.1723,27.97,78,40,1.54,ID,1701047587
144,khash,28.2211,61.2158,10.71,63,0,1.58,IR,1701047588
145,puerto palomas,31.7667,-107.6167,11.23,43,83,4.42,MX,1701047588
146,riohacha,11.5444,-72.9072,27.96,73,69,8.01,CO,1701047589
147,uturoa,-16.7333,-151.4333,26.59,78,18,8.07,PF,1701047589
148,la'ie,21.6477,-157.9253,27.98,77,100,2.24,US,1701047589
149,ilulissat,69.2167,-51.1,-1.99,100,100,2.57,GL,1701047364
150,ola,59.5833,151.2833,-16.77,76,100,5.47,RU,1701047590
151,port elizabeth,-33.918,25.5701,20.73,63,0,0.89,ZA,1701047590
152,newman,37.3138,-121.0208,12.94,59,100,0.51,US,1701047590
153,melekeok village,7.4957,134.6367,31.31,70,75,6.17,PW,1701047591
154,ca mau,9.1769,105.15,24.48,91,100,2.84,VN,1701047591
155,zalishchyky,48.6447,25.7339,-2.18,77,100,11.03,UA,1701047591
156,port lincoln,-34.7333,135.8667,16.38,73,100,8.48,AU,1701047592
157,queenstown,-31.8976,26.8753,16.51,96,0,0.26,ZA,1701047226
158,tetyushi,54.9382,48.8366,0.39,84,100,6.39,RU,1701047592
159,ceres,37.5949,-120.9577,12.25,63,0,0.0,US,1701047378
160,hofheim in unterfranken,50.1333,10.5333,3.48,99,100,4.75,DE,1701047593
161,carnarvon,-24.8667,113.6333,22.63,65,100,5.07,AU,1701047474
162,cidreira,-30.1811,-50.2056,20.7,83,1,9.64,BR,1701047501
163,monticello,45.3055,-93.7941,-3.71,55,100,7.2,US,1701047593
164,kodiak,57.79,-152.4072,5.73,87,100,8.23,US,1701047594
165,college,64.8569,-147.8028,-5.03,90,100,0.0,US,1701047594
166,lithgow,-33.4833,150.15,24.26,30,1,3.93,AU,1701047594
167,mount gambier,-37.8333,140.7667,14.43,64,100,4.35,AU,1701047595
168,labuan bajo,-8.4964,119.8877,30.02,64,100,1.63,ID,1701047365
169,kilindoni,-7.9139,39.6668,26.83,77,98,3.06,TZ,1701047595
170,nar'yan-mar,67.6713,53.087,-21.08,100,63,2.73,RU,1701047596
171,katabu,-4.9333,122.5167,31.63,57,100,0.81,ID,1701047596
172,ust-nera,64.5667,143.2,-25.24,96,94,3.65,RU,1701047406
173,xiaoweizhai,26.1903,107.5125,13.99,75,0,0.36,CN,1701047349
174,hammerfest,70.6634,23.6821,-3.75,74,100,1.54,NO,1701047597
175,ashburton,-37.8626,145.0794,17.14,88,100,1.79,AU,1701047597
176,punta arenas,-53.15,-70.9167,7.84,61,8,6.58,CL,1701047512
177,gusinoozyorsk,51.2833,106.5,-15.01,84,68,3.22,RU,1701047598
178,andergrove,-21.0833,149.1833,27.58,74,100,4.67,AU,1701047598
179,bodegraven,52.0825,4.75,6.68,93,100,3.13,NL,1701047598
180,hit,33.6416,42.8251,18.96,46,85,2.6,IQ,1701047599
181,cabo san lucas,22.8909,-109.9124,25.9,67,100,3.09,MX,1701047599
182,port mathurin,-19.6833,63.4167,24.81,74,91,7.53,MU,1701047599
183,mar del plata,-38.0023,-57.5575,23.62,58,20,7.24,AR,1701047380
184,egilsstadir,65.2653,-14.3948,2.21,95,97,4.13,IS,1701047600
185,touros,-5.1989,-35.4608,25.26,78,0,5.07,BR,1701047412
186,kyzyl,51.7,94.45,-11.66,95,100,0.45,RU,1701047600
187,north bend,43.4065,-124.2243,9.36,87,0,1.54,US,1701047601
188,walvis bay,-22.9575,14.5053,15.61,82,85,1.21,NA,1701047601
189,haiku-pauwela,20.9219,-156.3051,25.65,74,40,10.8,US,1701047602
190,shadrinsk,56.0852,63.6335,-1.17,89,100,4.32,RU,1701047603
191,ain taya,36.7933,3.2869,8.91,87,0,2.57,DZ,1701047604
192,ciudad tula,23.0,-99.7167,14.03,94,15,2.67,MX,1701047604
193,prado,-17.3411,-39.2208,24.38,78,99,4.22,BR,1701047604
194,sikandarpur,26.05,84.05,18.97,48,100,1.15,IN,1701047604
195,avellaneda,-29.1176,-59.6583,25.21,71,100,3.62,AR,1701047605
196,saldanha,-33.0117,17.9442,16.66,87,3,5.61,ZA,1701047606
197,belo sur tsiribihina,-19.7,44.55,24.95,87,18,2.08,MG,1701047606
198,olyokminsk,60.3736,120.4264,-17.87,88,100,4.69,RU,1701047607
199,san julian,21.0167,-102.1667,15.69,37,100,2.73,MX,1701047607
200,brisas de zicatela,15.8369,-97.0419,26.8,78,32,0.8,MX,1701047609
201,rujewa,-8.7,34.3833,20.96,68,49,2.93,TZ,1701047362
202,tabou,4.423,-7.3528,25.46,87,80,2.41,CI,1701047612
203,mersa matruh,31.3525,27.2453,17.63,48,50,9.05,EG,1701047612
204,kurumkan,54.3,110.3,-16.6,91,100,0.45,RU,1701047402
205,guerrero negro,27.9769,-114.0611,19.35,60,8,4.53,MX,1701047613
206,flatwoods,38.5226,-82.7171,9.84,92,100,2.57,US,1701047614
207,hiawatha,42.0358,-91.6821,0.04,78,100,10.29,US,1701047614
208,rikaze,29.25,88.8833,-3.06,43,10,0.85,CN,1701047615
209,villa ojo de agua,-29.5,-63.6938,22.21,73,60,3.47,AR,1701047616
210,klyuchi,52.2667,79.1667,0.05,59,100,3.18,RU,1701047616
211,sao gabriel da cachoeira,-0.1303,-67.0892,24.19,88,76,1.22,BR,1701047474
212,kavieng,-2.5744,150.7967,29.59,69,100,2.11,PG,1701047616
213,saraktash,51.7866,51.7866,2.35,100,0,7.75,RU,1701047617
214,dodge city,37.7528,-100.0171,-1.86,74,0,3.09,US,1701047420
215,plouzane,48.3833,-4.6167,11.03,97,75,3.6,FR,1701047617
216,asifabad,19.3667,79.2833,20.46,87,97,2.55,IN,1701047618
217,verkhovazh'ye,60.7472,42.0465,-13.81,92,100,3.54,RU,1701047619
218,la passe,45.5549,-0.8967,3.13,62,100,2.59,FR,1701047619
219,oudtshoorn,-33.5907,22.2014,19.01,52,0,0.54,ZA,1701047619
220,krasyliv,49.6519,26.9725,-4.75,85,100,8.62,UA,1701047619
221,alnwick,55.4132,-1.7056,5.71,93,100,3.09,GB,1701047620
222,carbonear,47.7332,-53.2148,1.9,87,100,3.11,CA,1701047620
223,lanxi,29.2195,119.477,15.41,71,0,2.01,CN,1701047405
224,naze,28.3667,129.4833,20.31,74,57,4.13,JP,1701047381
225,nelson bay,-32.7167,152.15,26.03,78,4,7.91,AU,1701047621
226,huazhou,21.6333,110.5833,21.65,65,7,2.33,CN,1701047621
227,zapolyarnyy,69.4154,30.8136,-12.4,93,18,0.79,RU,1701047621
228,karatau,43.1667,70.4667,9.67,37,100,2.62,KZ,1701047621
229,grootfontein,-19.5667,18.1167,22.67,57,69,2.19,NA,1701047622
230,cape canaveral,28.4058,-80.6048,25.03,93,40,2.57,US,1701047622
231,paris,48.8534,2.3488,5.43,81,0,4.12,FR,1701046900
232,bamboo flat,11.7,92.7167,28.15,73,100,5.06,IN,1701047427
233,tsiombe,-25.3,45.4833,21.56,95,5,2.02,MG,1701047395
234,runka,12.4479,7.3092,24.22,59,98,2.98,NG,1701047623
235,tsiroanomandidy,-18.7667,46.0333,21.08,72,6,0.87,MG,1701047623
236,malango,-2.9627,119.9001,25.35,78,89,0.76,ID,1701047378
237,jishui,33.7333,115.4,9.83,56,0,4.48,CN,1701047404
238,hirara,24.8,125.2833,23.41,76,99,7.7,JP,1701047624
239,watampone,-4.5386,120.3279,29.39,71,65,0.87,ID,1701047624
240,angaur state,6.906,134.13,28.85,76,100,6.35,PW,1701047625
241,ketchikan,55.3422,-131.6461,6.99,100,100,5.14,US,1701047625
242,turgen,43.4006,77.5933,-1.93,43,16,2.74,KZ,1701047625
243,chapaev,50.2,51.1667,2.12,75,3,5.6,KZ,1701047626
244,ciudad lazaro cardenas,17.9583,-102.2,26.75,71,100,2.67,MX,1701047576
245,page,36.9147,-111.4558,4.88,47,0,4.02,US,1701047626
246,kapuskasing,49.4169,-82.4331,-1.28,97,100,2.7,CA,1701047342
247,nantucket,41.2835,-70.0995,8.34,88,75,8.75,US,1701047377
248,severo-yeniseyskiy,60.3725,93.0408,-29.8,99,5,0.69,RU,1701047627
249,cockburn town,21.4612,-71.1419,27.04,73,1,8.08,TC,1701047379
250,portage la prairie,49.9728,-98.2926,-11.73,57,81,6.35,CA,1701047383
251,uglegorsk,49.0833,142.0333,-9.67,71,23,7.13,RU,1701047628
252,westerland,54.9079,8.3033,4.01,100,100,5.14,DE,1701047628
253,launceston,-41.45,147.1667,16.2,54,100,5.66,AU,1701047432
254,chegdomyn,51.1167,133.0167,-17.71,74,3,1.15,RU,1701047628
255,yuzhno-kurilsk,44.0306,145.8556,2.99,51,91,1.29,RU,1701047399
256,hithadhoo,-0.6,73.0833,27.64,74,14,1.59,MV,1701047629
257,tazovsky,67.4667,78.7,-19.59,98,83,4.36,RU,1701047629
258,nenjiang,49.1833,125.2167,-14.87,93,100,0.74,CN,1701047411
259,gadzhiyevo,69.2551,33.3362,-15.79,92,40,2.74,RU,1701047630
260,iwo,7.6333,4.1833,22.75,93,100,1.36,NG,1701047630
261,ust'-ilimsk,58.0006,102.6619,-21.39,97,94,1.16,RU,1701047436
262,bandarban,22.1965,92.2262,18.73,85,48,1.07,BD,1701047630
263,tolanaro,-25.0319,46.9987,22.28,93,0,3.99,MG,1701047631
264,safaga,26.7292,33.9365,20.66,33,2,3.97,EG,1701047631
265,bahawalnagar,30.5508,73.3908,17.51,29,100,1.96,PK,1701047631
266,lahat,-3.8,103.5333,24.21,90,100,0.16,ID,1701047631
267,ust-tsilma,65.441,52.1498,-25.18,100,88,0.53,RU,1701047632
268,bikenibeu village,1.3673,173.1241,30.98,74,75,2.57,KI,1701047632
269,kamakwie,9.5,-12.2333,22.77,95,37,0.79,SL,1701047632
270,cova figueira,14.8905,-24.2934,22.27,69,25,5.96,CV,1701047632
271,lebu,-37.6167,-73.65,12.9,91,100,4.7,CL,1701047633
272,labrador city,52.9463,-66.9114,-11.77,98,51,1.92,CA,1701047430
273,panaba,21.2833,-88.2667,25.41,81,50,3.25,MX,1701047633
274,montepuez,-13.1256,38.9997,21.02,90,13,0.7,MZ,1701047633
275,beau vallon,-20.4189,57.6953,24.01,76,9,2.33,MU,1701047634
276,cill airne,52.05,-9.5167,8.48,96,98,2.15,IE,1701047634
277,zeya,53.75,127.2667,-18.78,62,15,2.16,RU,1701047634
278,ciudad bolivar,8.1222,-63.5497,26.09,80,30,4.78,VE,1701047634
279,callao,-12.0667,-77.15,22.62,73,0,5.66,PE,1701047635
280,luderitz,-26.6481,15.1594,20.92,48,0,7.96,NA,1701047635
281,vadso,70.0744,29.7487,-2.91,74,100,4.12,NO,1701047635
282,la ronge,55.1001,-105.2842,-14.56,90,100,3.25,CA,1701047636
283,malpica,43.3228,-8.8105,14.01,79,100,4.61,ES,1701047636
284,qamdo,31.1667,97.2333,-7.37,21,36,0.62,CN,1701047636
285,lethem,3.3803,-59.7968,26.76,68,82,2.66,GY,1701047637
286,mata-utu,-13.2816,-176.1745,29.3,78,25,7.51,WF,1701047563
287,ondangwa,-17.9167,15.95,24.82,60,90,2.64,NA,1701047637
288,cintalapa de figueroa,16.7333,-93.7167,20.67,98,19,2.12,MX,1701047637
289,taunggyi,20.7833,97.0333,14.13,81,78,0.61,MM,1701047638
290,dyurtyuli,55.4911,54.8688,-1.37,84,64,3.59,RU,1701047638
291,fort bragg,35.139,-79.006,8.85,90,100,2.57,US,1701047483
292,salinopolis,-0.6136,-47.3561,26.93,78,100,4.58,BR,1701047639
293,kenema,7.8767,-11.1875,22.15,98,17,0.33,SL,1701047639
294,usinsk,65.9939,57.5281,-23.82,100,61,2.07,RU,1701047639
295,kapa'a,22.0752,-159.319,26.99,86,75,7.2,US,1701047354
296,huai'an,33.5886,119.0192,9.9,64,0,5.55,CN,1701047640
297,salalah,17.0151,54.0924,24.05,69,0,1.54,OM,1701047640
298,alaghsas,17.0187,8.0168,24.74,18,92,4.51,NE,1701047640
299,praya,14.9215,-23.5087,24.3,69,75,5.14,CV,1701047641
300,nuku'alofa,-21.1333,-175.2,29.19,79,20,5.14,TO,1701047641
301,laibin,23.7,109.2667,19.14,69,3,2.59,CN,1701047641
302,east london,-33.0153,27.9116,20.47,92,4,2.1,ZA,1701047454
303,polyarnyy,69.1989,33.4478,-15.29,90,26,2.81,RU,1701047641
304,coquimbo,-29.9533,-71.3436,15.15,88,15,1.72,CL,1701047597
305,penalva,-3.2942,-45.1736,24.25,87,82,2.22,BR,1701047638
306,hailin,44.5833,129.4167,-9.48,92,100,0.9,CN,1701047642
307,petropavlovsk-kamchatsky,53.0452,158.6483,-5.12,63,75,7.15,RU,1701047642
308,choyr,46.3611,108.3611,-16.03,83,3,7.41,MN,1701047376
309,flekkefjord,58.2971,6.6607,1.08,88,100,7.28,NO,1701047643
310,namibe,-15.1961,12.1522,23.26,78,100,1.06,AO,1701047643
311,badger,64.8,-147.5333,-5.07,91,100,0.0,US,1701047644
312,richards bay,-28.783,32.0377,22.67,91,65,1.32,ZA,1701047644
313,qashyr,53.0675,76.1036,0.48,93,100,3.63,KZ,1701047644
314,luuq,3.7938,42.5445,26.72,67,84,2.48,SO,1701047645
315,jamjamal,35.5365,44.8317,12.21,63,11,5.36,IQ,1701047645
316,benguela,-12.5763,13.4055,26.58,82,100,2.87,AO,1701047646
317,fort st. john,56.2499,-120.8529,-4.26,94,100,1.52,CA,1701047646
318,waynesville,35.4887,-82.9887,7.66,91,100,2.68,US,1701047646
319,sylacauga,33.1732,-86.2516,12.02,100,100,1.54,US,1701047647
320,castelldefels,41.2779,1.9703,13.93,80,20,4.12,ES,1701047647
321,sirte,31.2089,16.5887,16.83,69,99,0.29,LY,1701047647
322,coahuayana de hidalgo,18.7,-103.6583,25.12,70,100,0.58,MX,1701047647
323,ribeira brava,32.65,-17.0667,19.84,73,95,1.09,PT,1701047647
324,pariaman,-0.619,100.12,26.03,82,100,0.91,ID,1701047648
325,canton,23.1167,113.25,23.82,54,0,2.92,CN,1701047648
326,sanctuary point,-35.1114,150.629,22.33,68,58,3.78,AU,1701047649
327,khandyga,62.6667,135.6,-31.38,94,100,0.46,RU,1701047649
328,pacasmayo,-7.4006,-79.5714,20.15,78,100,5.58,PE,1701047649
329,pamandzi,-12.7967,45.2794,25.88,83,0,1.54,YT,1701047650
330,kavaratti,10.5669,72.642,28.63,69,3,2.32,IN,1701047650
331,ha'il,27.5219,41.6907,15.01,55,0,2.06,SA,1701047402
332,prieska,-29.6641,22.7474,24.55,19,0,2.12,ZA,1701047651
333,dalandzadgad,43.5708,104.425,-9.38,75,31,5.78,MN,1701047651
334,barcelos,41.5388,-8.6151,12.18,94,99,1.07,PT,1701047651
335,wuwei,37.9281,102.6414,1.12,41,21,1.65,CN,1701047651
336,laojunmiao,39.8333,97.7333,-1.14,34,30,1.14,CN,1701047357
337,maua,-23.6678,-46.4614,19.09,89,100,1.45,BR,1701047652
338,flying fish cove,-10.4217,105.6791,25.82,73,100,4.63,CX,1701047377
339,paita,-5.0892,-81.1144,20.62,79,5,6.04,PE,1701047652
340,waingapu,-9.6567,120.2641,29.59,67,66,1.49,ID,1701047653
341,lushun,38.8,121.2667,6.12,56,6,8.0,CN,1701047653
342,makary,12.5717,14.4666,26.34,40,40,4.74,CM,1701047653
343,bulgan,48.8125,103.5347,-16.69,96,41,1.45,MN,1701047653
344,aasiaat,68.7098,-52.8699,-5.0,95,100,4.42,GL,1701047654
345,remire-montjoly,4.9167,-52.2667,27.02,89,40,1.54,GF,1701047654
346,genhe,50.7833,121.5167,-17.97,87,100,1.68,CN,1701047654
347,kiunga,-6.1219,141.2906,29.98,69,98,1.1,PG,1701047654
348,hamilton,39.1834,-84.5333,6.9,87,100,8.05,US,1701047253
349,minas de marcona,-15.2119,-75.1103,15.6,79,6,4.55,PE,1701047655
350,betio village,1.358,172.9211,31.02,67,49,1.67,KI,1701047655
351,rio claro,-22.4114,-47.5614,21.18,83,65,1.71,BR,1701047655
352,siocon,7.7061,122.1353,29.37,70,37,0.75,PH,1701047358
353,rocky mountain house,52.3668,-114.9188,-5.07,88,16,1.64,CA,1701047600
354,kyshtovka,56.555,76.6271,-2.59,97,100,0.89,RU,1701047656
355,arkhangel'sk,64.5401,40.5433,-18.4,97,22,1.77,RU,1701047656
356,cafayate,-26.073,-65.9761,20.04,73,43,1.86,AR,1701047656
357,opuwo,-18.0607,13.84,24.48,61,100,1.21,NA,1701047657
358,peniche,39.3558,-9.3811,13.03,73,54,2.39,PT,1701047657
359,tangalle,6.024,80.7911,24.09,87,83,4.51,LK,1701047657
360,mamuju,-2.6748,118.8885,28.56,75,61,0.3,ID,1701047657
361,dickinson,29.4608,-95.0513,12.24,61,0,6.17,US,1701047425
362,okhotsk,59.3833,143.3,-16.73,86,100,7.18,RU,1701047658
363,weining,26.85,104.2333,8.74,83,0,1.94,CN,1701047387
364,san andres,12.5847,-81.7006,29.01,79,40,6.17,CO,1701047441
365,del rio,29.3627,-100.8968,13.06,51,75,5.81,US,1701047659
366,novoagansk,61.9449,76.6625,-13.31,98,100,1.81,RU,1701047659
367,vilyuchinsk,52.9306,158.4028,-4.3,69,86,4.47,RU,1701047659
368,sarupathar,26.1984,93.8094,16.27,87,39,0.49,IN,1701047660
369,alamosa,37.4695,-105.87,-7.01,63,0,3.6,US,1701047618
370,bereznik,62.8551,42.7072,-16.5,96,90,1.65,RU,1701047661
371,aktobe,50.2797,57.2072,0.05,74,0,5.0,KZ,1701047661
372,medicine hat,50.0501,-110.6683,2.55,75,21,2.94,CA,1701047661
373,malanje,-9.5402,16.341,17.73,98,100,0.41,AO,1701047661
374,peace river,56.2501,-117.286,-1.37,87,77,2.41,CA,1701047661
375,dor marunt,44.45,26.9167,-0.75,85,100,3.04,RO,1701047662
376,sinton,28.0367,-97.5092,15.48,40,100,6.26,US,1701047662
377,greenville,35.6127,-77.3663,9.02,98,100,0.0,US,1701047396
378,jieshou,33.2634,115.3611,9.92,64,0,4.35,CN,1701047663
379,arraial do cabo,-22.9661,-42.0278,22.93,80,100,7.95,BR,1701047663
380,mugia,43.1041,-9.2179,14.39,88,100,6.4,ES,1701047663
381,vanju-mare,44.4253,22.8697,-0.38,67,12,8.12,RO,1701047663
382,aqaba,29.5267,35.0078,17.92,36,0,2.06,JO,1701047664
383,kailua-kona,19.6406,-155.9956,27.98,80,75,5.66,US,1701047664
384,sao joao do piaui,-8.3581,-42.2467,25.64,33,0,1.82,BR,1701047664
385,general pico,-35.6566,-63.7568,27.28,24,83,4.66,AR,1701047665
386,uliastay,47.7417,96.8444,-13.13,90,96,2.23,MN,1701047665
387,morondava,-20.2833,44.2833,26.55,76,19,4.01,MG,1701047665
388,barabinsk,55.3571,78.357,-5.16,96,87,2.99,RU,1701047665
389,kuanda,56.3161,116.0806,-26.11,95,64,0.1,RU,1701047665
390,chaihe,44.7667,129.7,-10.81,93,100,1.14,CN,1701047666
391,auce,56.4598,22.9017,-7.07,99,93,1.01,LV,1701047666
392,khromtau,50.2503,58.4347,-1.46,79,96,6.16,KZ,1701047666
393,bandon,51.7469,-8.7425,9.77,92,100,2.58,IE,1701047667
394,konkwesso,10.8469,4.0984,24.23,79,100,1.66,NG,1701047667
395,tagta,41.6504,59.9164,12.36,26,0,2.99,TM,1701047667
396,susuman,62.7833,148.1667,-21.67,98,100,1.93,RU,1701047668
397,warrnambool,-38.3833,142.4833,13.98,69,100,5.89,AU,1701047668
398,hadgaon,19.5,77.6667,18.25,89,17,3.6,IN,1701047668
399,emporia,38.4039,-96.1817,-0.89,74,0,4.63,US,1701047529
400,bazarak,35.3129,69.5152,4.9,33,6,2.17,AF,1701047668
401,hengchun,22.0042,120.7439,24.01,69,100,5.5,TW,1701047669
402,nahiyat al fuhud,30.9697,46.7228,18.36,86,0,4.43,IQ,1701047669
403,moroni,-11.7022,43.2551,26.15,82,100,0.66,KM,1701047669
404,langepas,61.2544,75.2124,-10.32,97,100,1.87,RU,1701047669
405,selfoss,63.9331,-20.9971,4.52,87,100,2.73,IS,1701047442
406,naila,50.3167,11.7,1.44,79,75,4.92,DE,1701047670
407,tamanrasset,22.785,5.5228,13.84,19,0,3.19,DZ,1701047670
408,kone,-21.0595,164.8658,29.0,48,92,1.48,NC,1701047411
409,mlangali,-9.7833,34.5167,14.73,85,76,2.09,TZ,1701047671
410,jinghong,21.991,100.7341,18.57,75,10,0.81,CN,1701047671
411,pacific grove,36.6177,-121.9166,15.39,49,0,0.45,US,1701047671
412,langtoucun,40.0261,124.3286,1.88,81,100,1.77,CN,1701047671
413,hassi messaoud,31.6804,6.0729,14.46,32,85,2.52,DZ,1701047672
414,gunsan,35.9786,126.7114,7.94,100,100,2.57,KR,1701047672
415,severnoye,56.3491,78.3619,-0.57,97,100,3.58,RU,1701047672
416,illizi,26.4833,8.4667,15.94,30,0,3.11,DZ,1701047673
417,machico,32.7,-16.7667,19.84,76,40,2.57,PT,1701047673
418,at taraf,25.3628,49.725,20.3,59,6,3.4,SA,1701047673
419,maun,-19.9833,23.4167,26.02,36,0,2.5,BW,1701047673
420,yarmouth,41.7057,-70.2286,8.34,82,40,5.14,US,1701047674
421,altamira,-3.2033,-52.2064,23.16,95,40,1.77,BR,1701047389
422,mili,6.0815,171.735,28.36,80,100,8.57,MH,1701047674
423,kilju,40.9642,129.3278,2.25,65,63,0.47,KP,1701047674
424,port isabel,26.0734,-97.2086,17.02,83,100,6.26,US,1701047675
425,ta`u,-14.2336,-169.5144,27.95,84,95,8.47,AS,1701047675
426,zhongshan,21.3226,110.5829,21.51,68,27,2.57,CN,1701047675
427,pedernales,18.0384,-71.744,26.21,71,27,1.27,DO,1701047676
428,bria,6.5423,21.9863,21.94,85,99,1.63,CF,1701047676
429,katsuura,35.1333,140.3,11.01,72,0,1.79,JP,1701047408
430,inari,68.906,27.0288,-13.89,100,96,1.3,FI,1701047677
431,mokhsogollokh,61.4681,128.9203,-23.21,94,100,2.83,RU,1701047677
432,sisimiut,66.9395,-53.6735,-4.23,93,100,4.07,GL,1701047677
433,guwahati,26.1862,91.751,14.95,100,20,0.0,IN,1701047677
434,san antonio oeste,-40.7319,-64.9477,16.68,45,27,9.09,AR,1701047425
435,merritt,50.1123,-120.7942,1.29,82,100,0.45,CA,1701047678
436,huangyan,28.6478,121.2594,17.77,71,2,0.8,CN,1701047678
437,crane,31.3974,-102.3501,8.54,30,100,3.21,US,1701047393
438,hami,42.8,93.45,1.49,45,31,3.45,CN,1701047679
439,hornsby bend,30.2474,-97.5833,10.17,55,75,3.6,US,1701047679
440,iturama,-19.7281,-50.1956,24.11,79,54,3.25,BR,1701047679
441,plettenberg bay,-34.0527,23.3716,18.31,67,2,2.1,ZA,1701047431
442,morehead city,34.7229,-76.726,11.1,89,100,1.54,US,1701047603
443,cienaga,11.007,-74.2476,30.55,77,7,2.5,CO,1701047680
444,baiyin,36.5583,104.2081,1.64,37,3,1.12,CN,1701047385
445,cekerek,40.0731,35.4947,2.38,71,100,4.91,TR,1701047680
446,port macquarie,-31.4333,152.9167,29.94,59,2,4.71,AU,1701047680
447,conception bay south,47.4999,-52.9981,1.07,85,100,3.17,CA,1701047508
448,san carlos de bariloche,-41.1456,-71.3082,15.33,66,100,1.99,AR,1701047487
449,alupka,44.4167,34.05,4.69,84,92,13.45,UA,1701047681
450,douglas,41.3,-96.167,-0.79,67,0,3.09,US,1701047681
451,gornozavodsk,58.3758,58.3211,-1.15,96,100,1.85,RU,1701047681
452,ghadamis,30.1337,9.5007,13.86,41,100,3.74,LY,1701047682
453,mossel bay,-34.1831,22.146,18.76,79,0,3.13,ZA,1701047682
454,tromso,69.6496,18.957,-2.99,100,40,0.0,NO,1701047682
455,luau,-10.7073,22.2247,18.51,98,100,1.64,AO,1701047451
456,pilar do sul,-23.8131,-47.7164,16.79,96,100,2.51,BR,1701047682
457,san luis de la loma,17.2706,-100.8939,26.3,77,95,1.24,MX,1701047683
458,mount pearl,47.5166,-52.7813,0.74,84,100,0.89,CA,1701047683
459,bayganin,48.6947,55.8742,1.88,73,32,8.57,KZ,1701047683
460,yoloten,37.2989,62.3597,17.99,46,2,8.55,TM,1701047684
461,sodankyla,67.4167,26.6,-24.3,100,59,1.29,FI,1701047684
462,kyren,51.6828,102.1408,-15.59,89,70,0.45,RU,1701047684
463,pointe-noire,-4.7761,11.8635,26.17,86,100,2.53,CG,1701047684
464,puerto baquerizo moreno,-0.9,-89.6,24.62,77,51,5.02,EC,1701047684
465,ceelbuur,4.685,46.6176,24.62,81,38,4.55,SO,1701047685
466,lapinlahti,65.5833,30.5667,-12.91,96,100,3.06,RU,1701047685
467,grand baie,-20.0182,57.5802,24.14,85,67,0.89,MU,1701047685
468,yagoua,10.3411,15.2329,26.48,28,100,2.8,CM,1701047686
469,konarka,19.9,86.1167,20.22,73,91,3.02,IN,1701047686
470,acapulco de juarez,16.8634,-99.8901,28.9,74,75,3.09,MX,1701047636
471,laguna,38.421,-121.4238,13.99,41,0,1.54,US,1701047686
472,rawson,-43.3002,-65.1023,13.27,54,48,5.42,AR,1701047686
473,thinadhoo,0.5333,72.9333,27.48,76,89,0.91,MV,1701047687
474,banda aceh,5.5577,95.3222,25.21,86,100,1.8,ID,1701047687
475,bayanhongor,46.7167,100.1167,-19.36,84,3,1.92,MN,1701047687
476,vilhena,-12.7406,-60.1458,23.65,73,59,1.2,BR,1701047688
477,colares,38.7992,-9.4469,13.52,85,39,6.26,PT,1701047688
478,soio,-6.1349,12.3689,26.31,86,100,3.12,AO,1701047688
479,sola,-13.8833,167.55,26.62,84,84,8.12,VU,1701047688
480,erenhot,43.6475,111.9767,-7.91,70,100,5.98,CN,1701047689
481,tralee,52.2704,-9.7026,9.07,93,98,2.78,IE,1701047689
482,copala,16.65,-98.9833,26.12,78,61,0.82,MX,1701047689
483,coron,11.9986,120.2043,29.27,68,93,1.9,PH,1701047689
484,mejit,10.2753,170.8646,27.61,77,100,9.81,MH,1701047689
485,xining,36.6167,101.7667,-0.13,35,94,0.95,CN,1701047690
486,vlore,40.4667,19.4897,8.4,59,74,1.48,AL,1701047690
487,sao joao da barra,-21.6403,-41.0511,23.3,77,100,4.27,BR,1701047479
488,kimbe,-5.5502,150.1429,29.73,73,25,1.75,PG,1701047690
489,ancud,-41.8697,-73.8203,11.58,88,100,1.42,CL,1701047691
490,ulladulla,-35.35,150.4667,26.54,69,76,3.6,AU,1701047691
491,grand falls-windsor,48.9332,-55.6649,0.28,77,89,2.75,CA,1701047691
492,uige,-7.6087,15.0613,18.83,98,96,0.99,AO,1701047691
493,verdal,63.7933,11.4817,-14.98,76,5,2.51,NO,1701047691
494,auki,-8.7676,160.7034,28.85,74,100,1.23,SB,1701047692
495,malaya vishera,58.8454,32.2222,-8.24,96,100,2.44,RU,1701047692
496,belmonte,-15.8631,-38.8828,24.31,88,77,2.37,BR,1701047692
497,ringkobing,56.0901,8.244,1.12,95,100,7.45,DK,1701047692
498,erdenet,49.0333,104.0833,-17.32,96,47,1.49,MN,1701047413
499,fairbanks,64.8378,-147.7164,-5.02,90,100,0.0,US,1701047693
500,kabompo,-13.5927,24.2008,17.74,98,100,1.89,ZM,1701047693
501,mudgee,-32.5943,149.5871,28.12,33,34,4.63,AU,1701047693
502,ribas do rio pardo,-20.4431,-53.7592,22.07,94,100,2.13,BR,1701047693
503,paidha,2.4167,30.9855,15.98,93,100,1.37,UG,1701047694
504,menongue,-14.6585,17.691,17.38,93,98,0.48,AO,1701047694
505,kuytun,54.3419,101.5036,-21.89,99,20,0.81,RU,1701047694
506,tofol,5.3248,163.0078,28.88,84,75,7.72,FM,1701047694
507,taguatinga,-12.3857,-46.5711,28.27,45,66,2.25,BR,1701047695
508,dhandhuka,22.3667,71.9833,21.67,80,99,5.52,IN,1701047695
509,as sulayyil,20.4607,45.5779,19.14,44,86,2.19,SA,1701047695
510,bubaque,11.2833,-15.8333,26.98,65,5,3.84,GW,1701047696
511,san antonio de pale,-1.4014,5.6325,26.98,79,73,3.15,GQ,1701047696
512,andratx,39.5755,2.4202,14.23,78,100,5.1,ES,1701047696
513,miracema do tocantins,-9.5618,-48.3967,26.96,65,10,2.03,BR,1701047696
514,mwinilunga,-11.7358,24.4293,16.67,97,100,0.84,ZM,1701047696
515,kifri,34.6959,44.9661,15.5,58,11,4.2,IQ,1701047697
516,samarskoye,46.9336,39.6814,8.34,65,100,13.23,RU,1701047697
517,uzgen,40.7699,73.3007,3.16,34,10,2.94,KG,1701047697
518,nehoiu,45.4167,26.3,-0.98,76,100,7.2,RO,1701047697
519,sayula de aleman,17.8667,-94.95,24.59,92,71,1.94,MX,1701047698
520,kindu,-2.95,25.95,21.32,96,100,0.32,CD,1701047698
521,mouila,-1.8685,11.0559,22.78,99,100,0.7,GA,1701047698
522,ikalamavony,-21.15,46.5833,22.37,76,1,0.69,MG,1701047699
523,tual,-5.6667,132.75,27.79,78,100,4.14,ID,1701047699
524,tiassale,5.8983,-4.8283,23.52,97,100,0.93,CI,1701047699
525,winnemucca,40.973,-117.7357,0.03,64,0,0.0,US,1701047699
526,kununurra,-15.7667,128.7333,31.99,58,12,1.54,AU,1701047700
527,orebro,59.2741,15.2066,-3.56,86,100,2.06,SE,1701047700
528,yanam,16.7333,82.2167,24.99,72,100,3.41,IN,1701047700
529,thunder bay,48.4001,-89.3168,-4.29,69,100,7.49,CA,1701047616
530,miles city,46.4083,-105.8406,-1.46,64,100,3.09,US,1701047701
531,krasnyy chikoy,50.3643,108.7512,-17.06,95,100,2.69,RU,1701047701
532,poronaysk,49.2167,143.1167,-6.77,50,4,6.09,RU,1701047701
533,chernyshevskiy,63.0128,112.4714,-23.97,99,90,1.69,RU,1701047702
534,uniao,-4.5858,-42.8642,28.89,58,100,2.92,BR,1701047651
535,kristiansund,63.1115,7.732,-2.64,68,2,5.14,NO,1701047439
536,tavricheskoye,54.5851,73.6395,-0.05,92,100,3.12,RU,1701047703
537,tirat karmel,32.7617,34.9719,17.55,89,94,13.41,IL,1701047703
538,xai-xai,-25.0519,33.6442,22.33,94,40,0.47,MZ,1701047703
539,west bay,19.3667,-81.4167,28.04,84,20,3.6,KY,1701047440
540,clifton,40.8584,-74.1638,11.69,85,100,7.2,US,1701047532
541,utrik,11.2278,169.8474,27.76,73,91,9.28,MH,1701047705
542,nalut,30.3333,10.85,11.81,48,81,4.5,LY,1701047705
543,usogorsk,63.4106,48.6872,-15.74,97,100,1.94,RU,1701047705
544,nadym,65.5333,72.5167,-19.86,100,19,3.57,RU,1701047706
545,bomdila,27.25,92.4,7.68,52,100,3.01,IN,1701047706
546,labytnangi,66.6572,66.4183,-23.35,99,72,0.86,RU,1701047706
547,geraldton,-28.7667,114.6,23.23,56,19,5.66,AU,1701047706
548,happy valley-goose bay,53.3168,-60.3315,-2.83,74,20,2.06,CA,1701047707
549,ongjin,37.9347,125.3619,8.69,78,23,4.9,KP,1701047707
550,sona,45.4388,10.8255,3.51,80,0,1.03,IT,1701047707
551,salekhard,66.53,66.6019,-24.03,100,96,0.08,RU,1701047446
552,nueve de julio,-35.4444,-60.8831,24.42,47,0,1.79,AR,1701047598
553,ulsteinvik,62.3432,5.8487,2.09,78,2,1.79,NO,1701047708
554,masina,-4.3836,15.3914,21.99,96,99,0.31,CD,1701047708
555,cannonvale,-20.2833,148.7,27.66,67,100,3.67,AU,1701047709
556,kertih,4.5141,103.4483,25.03,87,100,1.49,MY,1701047709
557,colonia,50.9333,6.95,5.54,81,75,3.09,DE,1701047453
558,lata,40.1629,-8.3327,8.93,95,60,0.48,PT,1701047709
559,muisne,0.6,-80.0333,25.33,86,99,2.95,EC,1701047710
